Name,Income
Marquita,3447.07
Ignazio,9433.07
Sergei,3975.28
Ethe,7445.32
,9041.33
Mathias,5358.03
Natassia,1840.01
Hattie,
Loraine,8141.56
Auroora,1635.35
Freda,
Michell,366.04
Kerry,1282.97
Aksel,5750.49
Jeniffer,7108.61
Fanny,
,3620.15
Reggie,6904.11
Stinky,8555.27
Jarrid,54.45
Ingeberg,5947.45
Idalina,8392.89
Dav,1609.74
Garek,9246.46
Verile,9979.61
Bartram,2581.79
Kynthia,1176.50
Fifi,
,4647.57
Major,8274.20
Virginia,4759.27
Vachel,7849.09
Laird,4562.04
Gaven,5264.32
Ddene,1022.42
Pincus,4371.23
Nelle,3752.28
Tanner,79.42
Con,1785.35
Dorris,1622.34
,306.72
Paquito,387.36
Isidoro,8647.83
Tuesday,629.47
Pail,8760.54
Perry,2524.66
Robenia,7724.30
,2468.60
Annabal,384.16
Cad,5336.33
Hilde,3187.25
Sylvester,5895.31
Sherlock,8067.96
Marion,547.99
Kaile,345.41
Frances,3648.50
Nathan,4059.87
Georgetta,8088.13
Bruno,2485.20
Letizia,1857.03
Leicester,2626.46
Lonnie,1244.51
Witty,6173.98
Raddie,1463.28
Rose,620.20
Penrod,653.31
Torre,7900.92
Omero,793.07
Allyn,9783.28
Benny,5016.57
Meta,552.12
Augustus,88.80
Lillian,895.32
Rowney,6068.91
Christyna,3413.76
,3318.43
Tobe,4917.13
Sumner,9073.27
Nisse,9583.30
Maurits,830.28
Gabbie,3048.51
,9747.89
Winnie,7478.62
Lonna,2422.65
Flossie,4081.59
Evered,3281.64
Addie,1896.41
Storm,7295.27
Rhianna,7817.40
Reese,2482.28
Mabelle,2618.52
Wells,7106.93
Lucine,1849.98
Johnathon,9924.90
Muhammad,1575.31
Gianni,9581.69
,7168.80
Janey,374.90
Leonardo,7906.07
,1637.50
Nichole,7477.47
,6794.33
Mohandas,3216.24
Norbie,207.07
Jewel,9554.05
Isabeau,
,4921.99
Mata,9380.87
Aryn,1508.43
Damien,9369.58
Vi,1236.22
Rodge,3070.80
Kori,43.91
Esmaria,6381.17
Nat,4194.51
Noellyn,2738.10
Yolanthe,8329.91
Jeremie,2579.64
Louis,1722.39
,6428.15
Beatriz,9967.46
Sharyl,8808.77
Lucky,1631.08
Harcourt,6081.57
Bren,1940.78
,2978.26
Tanner,8579.42
Carolus,3611.10
Quintus,3726.02
Ansell,6459.47
Frayda,2871.85
Marta,1514.40
,9850.32
Eleonora,7153.18
Fergus,8846.34
Melloney,8294.77
Hynda,8523.26
Rees,1923.95
Jo,1443.92
Marketa,1593.86
Cecil,6944.53
Gunar,7206.20
Roselin,8648.61
Nedi,99.84
Gerek,438.67
Issie,9160.39
Aggi,3857.21
Odelinda,5384.38
Callie,1239.86
Giulio,4205.65
Raphael,2343.88
Terrijo,138.95
Anselm,3808.59
Junina,6450.81
,6003.51
Claudio,1160.93
Trista,
Maggie,4330.24
Cornelius,3364.91
,7189.03
Ulrika,1706.70
Viva,5311.57
Dorry,
Blayne,9534.37
Ermentrude,1534.10
Wesley,9583.93
Harmonie,2804.46
Quintilla,6976.27
Jillayne,1817.58
Cesare,9502.89
,3761.77
Brooke,1235.06
Julianne,
Syd,672.11
Thibaut,6117.49
Luelle,587.36
Elvin,8393.29
Hesther,8942.44
Loralyn,7539.83
Demetre,4691.44
Karly,2584.57
Fern,3358.95
Nappy,2711.38
Harmon,1516.12
Elroy,2542.34
Drusi,8463.46
Lucina,1528.46
Brien,8279.34
Lezlie,2857.07
Galvan,2083.66
Sharia,5532.49
Bone,2337.95
Khalil,7157.39
Arlette,2148.39
Jone,8621.40
Romonda,1672.00
Tootsie,3813.54
Consalve,9707.63
Titus,9889.94
Amalle,6338.55
Melisa,604.68
Jamesy,2376.73
,9710.66
Trever,1829.03
Massimo,1968.36
Sullivan,3566.02
Leona,4401.25
Kenyon,4469.63
Christian,8142.16
Nadia,2611.56
,8810.94
Carolin,1360.04
Latashia,3802.18
Cameron,7080.50
Byrom,9494.87
,6268.06
Martica,
Catie,4196.89
Levy,3457.89
Gaspard,1718.79
Celestia,9772.00
Lucita,3185.27
Kaine,4385.54
Pascale,87.78
Lilias,3802.14
Latashia,5467.18
Ines,8022.15
Sigvard,6146.16
Joanie,5789.71
Farris,1350.45
Calla,666.62
Ninetta,3294.91
Darell,1493.70
Shel,6717.57
Catharine,1888.01
Hollis,9579.14
Horton,696.21
Sydelle,6868.52
Waring,7770.32
,161.87
Antonin,2926.18
Robbert,9895.09
Mel,8350.86
Harbert,9004.69
Karee,1839.73
,4187.37
Antoni,4142.25
Ninon,8838.00
Sallie,3696.04
Solly,3407.40
Melina,7431.67
Claiborn,5020.15
Analise,8937.90
Cassandry,5136.49
Lombard,6585.44
Jordan,1355.22
Nappy,8733.61
Merry,6260.61
Worthy,9410.78
Ronalda,4977.24
Britteny,9641.52
Will,7387.85
Jeddy,7219.04
Abeu,3281.24
Gates,3604.59
Francine,2040.49
Merrick,4093.33
Rollins,4402.61
Benetta,3631.35
Broderic,8875.03
Aldo,4409.32
,8699.14
Ira,8495.97
Chev,2749.88
Bibi,5775.96
Neville,1688.33
Celestyna,7645.03
,9382.79
Robinette,58.97
,9679.55
Gabe,7438.58
Minni,4720.68
Babbie,5386.32
Pegeen,294.45
Athene,3225.55
Alayne,6985.81
Kamillah,5614.46
Gonzalo,5914.96
Shay,1585.98
Tiffani,5468.92
Gwen,7324.30
Emmit,1419.13
Darlene,
Chandler,2347.93
Kerr,1280.72
Fran,8266.42
Duky,5851.69
Whitney,8739.23
Lilith,1982.31
Krispin,3966.13
Burke,7656.19
Neale,3979.32
Stavros,771.92
Barn,645.15
Conchita,2411.87
Crichton,11.36
Yurik,8927.74
Carson,4586.86
Etheline,9198.28
Dulce,5012.46
Nadiya,6334.10
,904.02
,7042.65
Gerty,3396.98
Shantee,5709.06
Isabelita,8386.35
Dane,5929.80
Ree,1086.37
Charlean,4853.57
Elayne,1210.07
Camile,2156.68
Cindie,3608.32
Eddie,9624.49
Ellwood,8258.43
Aeriell,2167.30
Melitta,5867.27
Farah,324.39
Rebekkah,686.05
Tiffani,2922.09
Pippo,7355.64
Vale,2062.26
Hope,9465.91
Shandy,320.36
Filippo,1694.29
Archie,1276.93
Pier,5194.60
Willi,7499.26
Yolanda,161.29
Thomasa,4728.36
Fanchette,4153.10
Merrile,5326.02
,3963.24
Rona,4240.78
Annadiana,1157.57
Tann,6229.40
Law,4933.70
Spike,9658.56
Shoshana,3739.48
Lanette,9394.93
Lynea,9380.68
Godart,2400.22
Allister,5068.52
Spike,9495.27
,4434.88
Addia,5966.70
Winni,6864.62
Tommie,9024.20
,9483.44
Ely,904.40
Lenee,6633.61
Sianna,1967.32
Mara,5508.58
Nonna,7160.15
Bryana,2212.85
,2353.18
Sebastiano,5615.63
Dreddy,7048.41
Shellie,9677.22
Julianne,7153.15
Lissi,4050.65
Edy,4390.24
Delila,1096.42
Frederigo,9236.39
Glenden,4842.09
Sukey,840.90
Granthem,5951.97
Leesa,3516.88
L;urette,4232.45
Ker,7218.09
Guilbert,2097.63
Danya,3532.76
Jacky,4098.78
Winthrop,6722.27
Beatrisa,1147.86
Vonni,4515.56
Son,9310.25
Maximilian,9636.64
Leigha,4867.65
Elladine,4963.08
Amory,3096.91
Agnese,9223.68
Gerrie,4344.93
Jamie,3868.94
Teressa,6077.85
Kandace,9196.37
Maressa,2332.97
Kimberly,4369.06
Tiffany,7667.41
Aurelie,8517.90
Nicky,1494.45
Leona,8831.04
Suzie,3506.59
Haywood,4400.01
Kyle,5201.05
Anna-diana,4151.16
Alwin,8359.18
Yorke,6078.53
Marijo,6160.42
Kermie,3752.30
Bria,4831.19
Bobinette,6502.12
Candie,5847.33
Elliott,7483.10
Robina,1354.60
Danna,
Frasco,3066.38
Godfree,2336.14
Garreth,6805.20
Bev,9914.14
Hannah,6494.82
Constantin,5124.52
Jaimie,1898.14
Merilyn,188.08
Rube,8290.48
Colman,7567.95
Carleen,3965.63
,2735.21
Poul,896.76
Bambie,8616.88
Brandice,8393.69
Jacenta,211.09
Christabella,9431.98
Opaline,7781.63
Lyndsey,817.77
Korrie,6042.68
Romona,2099.14
Vasili,4181.58
Bekki,760.64
Austen,9076.92
Karie,3371.44
Esdras,8394.26
Morey,1872.11
Beret,1864.74
Gretal,4065.99
Mickey,5082.69
Melony,
Nealon,9178.87
Stanleigh,4952.01
Izaak,3400.95
Boonie,3273.61
Rodd,5332.86
Torey,2423.39
Wilow,4931.31
,6000.66
Wittie,2251.65
Darya,8264.74
Gilbertine,8030.74
Welsh,2549.95
Amby,7880.56
Teressa,5675.06
Curr,5345.78
Esra,6340.11
Evie,3809.90
Kayle,5375.30
Karina,9914.53
Herschel,3364.82
,2409.23
Kynthia,7193.13
Jackson,8575.22
Benton,
Madeleine,6160.45
Filia,147.12
,6833.46
Erroll,3105.19
Mildred,2095.88
Grier,3624.80
Adey,3184.93
Linell,6057.97
Kimbra,9725.43
Vaughn,1642.59
Keir,3973.99
Jemima,9709.26
Almira,4492.93
Dwayne,8692.27
Sigismondo,8400.55
Amalita,1385.33
Dylan,2293.58
Kay,2928.55
Aggi,592.51
Rhona,9600.44
Mitzi,6751.78
Desmund,9230.08
,7121.43
Aryn,6966.97
Quill,559.99
Ginnie,5523.80
Laure,9313.02
Cull,9566.99
Alia,2226.66
Verena,6065.11
Addi,2582.84
Burtie,2778.55
Tull,8444.17
Cale,4713.78
Tammara,7862.83
Jermain,7178.50
Minny,9321.84
Elita,6527.82
Dita,4826.11
Reinaldos,4868.59
Massimiliano,646.61
Lynne,2189.57
Milicent,3403.42
Trish,8808.90
Harry,2117.10
Goldi,8553.57
Lian,4124.28
Bertrando,9125.88
Bobina,1738.90
Selig,6857.74
Meriel,2647.47
Haydon,4421.44
Lanae,7540.81
Giacomo,4930.16
Cyndy,8380.60
Carmela,6063.74
Donica,3825.16
Shayna,810.59
Bryce,8043.56
Nellie,9606.97
Cynthia,2050.99
Anni,74.37
Cam,5886.57
Joshuah,4642.52
Liv,3381.00
Frannie,7415.62
Estel,4269.88
Raye,3003.68
Amby,982.97
Franz,686.08
Bondon,4953.02
Willamina,
Hertha,6940.69
Pincus,2267.06
Colly,6638.22
Gwendolyn,524.66
Inness,3834.56
Helen,
Aleta,8979.07
Hal,4040.20
Dar,9215.99
Sancho,9388.93
Sallyann,8174.06
Royce,9435.93
Kerrie,123.64
Ryon,6368.40
Orion,6682.96
Teddy,3859.61
Yorker,1080.25
Sherry,6295.41
Cyrill,14.28
Fax,7730.54
Corrianne,745.98
Brendin,4593.37
Essa,4111.05
Keslie,7602.68
Dietrich,5020.39
Anatole,9702.41
Joyann,3095.38
Wini,2635.96
,7723.68
Erasmus,8691.73
Leonhard,6160.65
Stefa,9330.46
,866.12
Benn,7619.63
Vanna,9114.54
Slade,8925.01
Moritz,8354.26
Ced,4026.49
Angelo,983.11
Hyacinthia,4123.20
Corabelle,2762.70
Karin,9604.15
Erinna,580.06
Libbie,4572.25
Codie,605.98
Hurleigh,1666.06
Say,6827.69
Onofredo,4159.76
Auguste,1598.89
Waylen,1226.00
,6177.76
Prue,8935.19
Misha,9040.91
Gwyneth,2476.70
Arlen,8589.93
Hube,9586.86
Archaimbaud,6368.67
Eleanor,9706.46
Rheba,6281.07
Randy,7277.13
Selinda,4353.76
Audrey,6028.41
Perren,8933.72
,2160.11
Amye,2139.48
Ashbey,6328.26
Fabiano,4079.55
Ashleigh,9193.92
Hetti,3648.04
Maryl,1482.02
Viviyan,6879.38
Leone,728.60
Jedidiah,7929.08
Wallas,8118.35
,1373.99
Deeanne,3997.53
Roxana,3471.92
Nicol,9654.38
,8592.08
Fairfax,1814.62
Johna,2412.66
Abel,4110.09
Kasey,1091.52
Katie,6752.61
Alex,1421.30
Maire,5326.80
,2883.67
Dannie,189.86
Jacinda,6106.12
Roosevelt,5841.71
,6610.04
Gerianna,5152.82
,9176.69
Billy,247.83
Carver,2546.36
Zacharia,4943.33
Val,4953.31
,3784.05
,3627.54
Lonna,5390.48
Hansiain,8816.52
,7964.52
Clarance,1413.23
Chase,8781.75
Pierce,3666.93
Rebeca,8932.28
Humbert,20.12
Garland,7433.83
Karna,7098.64
Christiana,560.57
Warren,3755.64
Ryan,5436.80
Lowrance,964.89
Salli,5646.07
Sophey,4360.50
Kordula,6584.63
Tara,4336.12
Moina,1825.16
Margareta,1413.10
Arvie,6398.46
Aloisia,4813.47
Herold,3404.44
Gray,9586.73
Montague,3835.95
Arielle,8215.76
Kate,9042.57
Christian,9650.00
Ninetta,9309.88
Aharon,5295.30
Eldin,8416.87
Kelsy,5638.78
Robinett,5600.49
Carine,7651.71
Chicky,9019.28
Nerty,365.43
Clyde,1316.35
Connor,5251.37
Wylie,5760.27
Jo-anne,9400.79
Lucho,4278.93
Maxine,6790.53
Marcela,9382.32
Janifer,2565.52
Syd,7901.83
Horten,994.62
Agnesse,4971.92
Vinni,703.33
Orland,6979.25
Leena,8644.56
,5986.32
Leesa,7426.86
Minetta,3678.53
Otes,1077.21
Sebastiano,3922.79
Lisa,
Kerrie,3883.57
Tova,1996.21
Averil,5845.21
Roosevelt,2831.20
Lari,7153.11
Zackariah,8248.68
Benedict,5067.33
Izak,1386.28
Misha,2964.96
Petra,1857.28
Pace,470.01
Hans,9362.83
Hubert,3987.91
Nichole,4963.94
Rosetta,1911.31
,4618.05
Kellia,7258.07
Clemmy,6890.18
Charmian,2766.45
Jameson,993.33
Verna,8865.27
Vally,2883.81
Morganne,544.84
Calida,5009.88
Creight,7417.77
Nadean,4607.65
Filippo,2288.03
Almeda,5610.23
Pattie,9905.73
Lynnelle,1595.76
Chev,7637.30
Cornie,6430.75
Clyde,
Dolorita,2337.18
Arne,7079.23
Almeta,636.98
Ronna,9142.99
Allyce,9200.35
Warner,2093.35
Marris,6377.53
Lilly,198.28
Lucian,6207.05
Vale,3887.00
,7329.84
Caralie,383.27
Bernete,2324.57
Rawley,
Bev,637.43
Marcie,4320.22
Jayson,
Joel,7744.74
Shayne,
Marcos,3430.61
Fredrika,
Wyn,1960.08
Aurelea,8739.68
Merrie,9965.59
Berry,3179.55
Kurt,2371.80
Noland,3716.07
Ruprecht,8658.56
Bernelle,6173.65
Daisey,9492.52
Hayley,4638.77
,7277.36
Lutero,4708.63
Raimondo,4485.70
Rora,1133.36
Ogdan,5366.78
Chelsae,5861.41
Hendrick,7964.60
Kaye,6536.73
Tamiko,
Cesar,6441.01
Kellia,3452.10
Darby,8712.95
Gwenora,7775.56
Taber,8823.33
,4132.11
Dory,4176.32
Ola,3750.81
Nathanael,678.25
Kalie,3479.25
Conrado,7880.82
Rey,2113.40
Cello,1939.95
Dodi,6299.47
Salomo,5515.18
Harriett,
Wenona,7592.33
Siouxie,4415.65
Athena,3717.21
Cody,9567.06
Barry,3783.12
Teddy,1226.56
Creight,2371.05
Benjamen,8920.40
Gayle,2515.87
Conney,288.65
Sarge,1082.03
Deborah,352.23
Aldric,153.71
Horatio,9973.92
Cam,5452.87
Gaye,9611.81
Joli,2512.33
Bogart,5886.12
Devlin,7003.28
Evie,4094.70
Oralia,2511.94
Moreen,6802.74
Vasili,3218.72
Forest,9910.66
Brok,7615.36
Omar,2119.22
,2942.94
Lind,2528.15
Dani,3308.66
Lucie,1648.00
Stormy,5462.92
Forster,5353.75
Archibold,759.15
Kennan,8727.86
Haily,1966.93
Paola,7502.01
Cindie,8187.44
Marlon,310.67
Herc,6130.20
Tiffie,6328.40
Tasia,7945.97
Marrilee,9914.07
Herc,7759.04
Emmy,1797.54
Rikki,7857.59
Rickard,8347.36
Christos,7440.37
Seumas,899.90
Chickie,8494.13
Nial,9432.70
Killy,4965.60
Koral,5812.12
Cyrill,4614.12
Gerty,7623.28
Raffaello,546.69
Lavena,5046.43
Shani,1183.69
Valida,8582.35
Hailee,903.29
Penny,4684.85
Trixi,4941.96
Dunn,1667.51
Heda,9523.88
Derrick,6762.19
Austine,7617.17
Aurora,4084.37
Leah,8632.21
Boy,3832.35
Belia,9408.57
Darrel,6489.09
Sigismond,7016.33
Godwin,2233.03
Pamela,365.57
Melissa,8065.26
Remus,3821.61
Barnebas,677.88
Heather,8514.88
Wenonah,799.53
Mel,2538.80
Yves,9490.88
Alexia,274.92
Celestine,2763.00
Jedd,1022.32
Selie,6401.20
Mag,4528.90
,309.55
,8417.66
Lemmie,9051.53
Terri-jo,4242.01
Ware,8951.79
Darda,1908.15
Augustin,3242.43
Dorella,7418.62
Lesley,6404.07
Fields,3250.28
Jasmina,2012.38
Carlota,
Nan,1602.34
Gwenette,2735.56
Benoit,354.29
Breena,4082.03
Karlotte,3812.77
Leonid,8913.01
Kym,4974.60
Kaleb,3914.08
Vonnie,5497.72
Aguste,2050.40
Janela,4561.41
Lana,6137.05
Hertha,7304.88
Asia,3879.17
Cleon,543.19
Karisa,84.86
Archy,7989.77
Cammie,1477.27
Perrine,1702.36
Hinda,1149.15
Nita,7192.42
Lindie,2207.88
Allistir,4696.06
Piotr,9263.07
Nonah,4432.91
,1912.57
Elsinore,443.59
Adolph,4837.18
Hurleigh,2879.15
Hartley,7265.19
Lorraine,723.34
Germana,787.35
Gordan,3765.97
Fayina,8256.30
Dallas,1363.43
Merlina,8081.19
Launce,7760.22
Benny,2303.29
Delmore,9050.94
Cassaundra,5560.72
Amargo,9554.01
May,4439.55
Trudi,6615.40
Raimundo,6971.57
Avie,6610.19
Ric,7789.79
Briana,168.84
Grange,4185.26
Kameko,3284.91
Troy,3464.89
Tate,9081.01
Mela,7988.26
Noami,
Rutherford,6516.17
Denny,8950.97
Glenda,4527.03
Morse,8383.83
Catharine,5534.92
Courtnay,896.38
Brandi,828.61
Herbert,2168.18
,3682.69
Dulcinea,7376.92
Tiphani,591.27
Dewie,7684.78
Carol,3203.07
Melli,6936.11
Collen,9086.53
Ralph,8589.22
Haily,5791.05
,9438.98
Gareth,5430.26
Neil,
Shoshanna,6481.32
Lola,3720.95
Maryann,2058.70
Earlie,5875.94
Claudette,8920.98
Clemmy,749.51
Algernon,6010.68
Dennis,5100.18
Elroy,5583.16
Mitch,2561.53
Joshuah,7794.01
Malissia,4016.45
,
Stefan,5412.17
Nikola,6204.77
Rhea,7254.89
Maxi,7490.67
Thorvald,7050.41
Kelcy,3806.25
,2735.53
Freddie,4139.18
Ashien,7643.75
Nicolina,3515.11
Dianemarie,9692.47
,8065.69
Francklin,6265.09
Maighdiln,1544.14
,8062.68
Cris,148.77
,9639.67
Koral,5490.70
Caresa,3491.39
Malynda,1116.15
,7817.89
,4565.67
Wilmette,8814.41
Costanza,612.70
,4285.44
Wolfie,4104.25
,3044.32
Ellis,9718.56
Isahella,4663.77
Tucky,4915.07
Karine,172.23
